{
  "/slider3": {
    "min": 0,
    "max": 255,
    "value": 12.750000953674316
  },
  "/slider2": {
    "min": 0,
    "max": 255,
    "value": 130.05001831054688
  },
  "/slider4": {
    "min": 0,
    "max": 255,
    "value": 214.20004272460938
  }
}